<?xml version="1.0" encoding="UTF-8"?>
<project-private xmlns="http://www.netbeans.org/ns/project-private/1">
    <open-files xmlns="http://www.netbeans.org/ns/projectui-open-files/2">
        <group>
            <file>file:/C:/Users/Cetecom/Documents/NetBeansProjects/StreamflexMenu/src/cl/duoc/model/Series.java</file>
            <file>file:/C:/Users/Cetecom/Documents/NetBeansProjects/StreamflexMenu/src/streamflexmenu/Int.java</file>
            <file>file:/C:/Users/Cetecom/Documents/NetBeansProjects/StreamflexMenu/src/cl/duoc/model/Peliculas.java</file>
            <file>file:/C:/Users/Cetecom/Documents/NetBeansProjects/StreamflexMenu/src/streamflexmenu/Usuarios.java</file>
            <file>file:/C:/Users/Cetecom/Documents/NetBeansProjects/StreamflexMenu/src/cl/duoc/model/Documentales.java</file>
            <file>file:/C:/Users/Cetecom/Documents/NetBeansProjects/StreamflexMenu/src/cl/duoc/model/Catalogo1.java</file>
        </group>
    </open-files>
</project-private>
